affonso2023design	10.1177/00222429221142281	affonso2023design
amir2007decisionsbyrules	10.1509/jmkr.44.1.142	amir2007decisionsbyrules
andreoni1990warmglow	10.2307/2234133	andreoni1990warmglow
andreoni2011powerofasking	10.1016/j.jpubeco.2010.12.008	andreoni2011powerofasking
andreoni2017avoidingask	10.1086/691703	andreoni2017avoidingask
arnold2023disrupting	10.1177/10946705231175286	arnold2023disrupting
assmus1984advertising	10.1177/002224378402100107	assmus1984advertising
balducci2018unstructured	10.1007/s11747-018-0581-x	balducci2018unstructured
barron2021homesharing	10.1287/mksc.2020.1227	barron2021homesharing
bartels1951influences	10.1177/002224295101600101	bartels1951influences
bartels1988history		bartels1988history
baumgartner2003structural	10.1509/jmkg.67.2.123.18610	baumgartner2003structural
berger2012viral	10.1509/jmr.10.0353	berger2012a
berman2018attribution	10.1287/mksc.2018.1104	berman2018attribution
bhagwat2020activism	10.1177/0022242920937000	bhagwat2020
biraglia2023acquisitions	10.1177/00222429221137817	biraglia2023acquisitions
blake2015paidsearch	10.3982/ecta12423	blake2015
bodapati2004directapproach	10.1509/jmkr.41.1.73.25081	bodapati2004directapproach
bodapati2008recommendation	10.1509/jmkr.45.1.77	bodapati2008recommendation
borzekowski2009mailinglists	10.1007/s11129-009-9050-7	borzekowski2009mailinglists
bucklin1991twostate	10.1287/mksc.10.1.24	bucklin1991twostate
bucklin1999upcscanner	10.1287/mksc.18.3.247	bucklin1999upcscanner
bucklin2003websitebrowsing	10.1509/jmkr.40.3.249.19241	bucklin2003
chan2008flexibleconsumption	10.1509/jmkr.45.4.487	chan2008flexibleconsumption
chan2014peerlearning	10.1287/mksc.2013.0831	chan2014peerlearning
chandrashekaran2000threshold	10.1509/jmkr.37.4.463.18793	chandrashekaran2000threshold
chen2001pricematching	10.1287/mksc.20.3.300.9766	chen2001pricematching
chen2015brandbrain	10.1509/jmr.14.0606	chen2015brandbrain
cheng2003productivity	10.1177/0273475303254023	cheng2003productivity
chevalier2003peakdemand	10.1257/000282803321455142	chevalier2003peakdemand
chevalier2006wom	10.1509/jmkr.43.3.345	chevalier2006wom
chun2017savoring	10.1509/jm.15.0267	chun2017savoring
clarke1976duration	10.2307/3151017	clarke1976
clithero2023neuralmethods	10.1002/jcpy.1397	clithero2023neuralmethods
cosguner2018switchingcosts	10.1287/mnsc.2016.2649	cosguner2018switchingcosts
costello2023spelling	10.1177/00222429231162367	costello2023spelling
cryder2008misery	10.1111/j.1467-9280.2008.02118.x	cryder2008misery
dallolio2023creative	10.1177/00222429221074960	dallolio2022
datta2017equityalign	10.1509/jm.15.0340	datta2017equityalign
davis2005doctoral	10.1177/0273475304268783	davis2005doctoral
dekimpe1995persistence	10.1287/mksc.14.1.1	dekimpe1995
dekimpe1999sustained	10.1177/002224379903600401	dekimpe1999sustained
delarosa2022payment	10.1093/jcr/ucab052	delarosa2022payment
diehl2016photos		diehl2016photos
dietrich2021antifragility	10.1093/jcr/ucab053	dietrich2021antifragility
dreze2009feelingsuperior	10.1086/593946	dreze2009feelingsuperior
dreze2009superior	10.1086/593946	dreze2009feelingsuperior
drolet2002rulevariability	10.1086/344433	drolet2002rulevariability
drolet2009choicerevealspreference	10.1086/596305	drolet2009choicerevealspreference
dukes2010instore	10.1287/mksc.1080.0483	dukes2010instore
duplessis2024associations	10.1093/jcr/ucad046	duplessis2024associations
economides2017mobilemoney	10.1287/mksc.2017.1027	economides2017mobilemoney
fong2015geoconquesting	10.1509/jmr.14.0229	fong2015geoconquesting
gershon2018goodsdonations	10.1093/jcr/ucx126	gershon2018goodsdonations
gijsenberg2019adspending	10.1016/j.ijresmar.2018.11.004	gijsenberg2019adspending
gneezy2010sharedresponsibility	10.1126/science.1186744	gneezy2010sharedresponsibility
gneezy2012payingtobenice	10.1287/mnsc.1110.1437	gneezy2012payingtobenice
gneezy2014promises	10.1177/1948550614533134	gneezy2014promises
goldfarb2011privacy	10.1287/mnsc.1100.1246	goldfarb2011privacy
goldfarb2011targeting	10.1287/mksc.1100.0583	goldfarb2011targeting
gordon2019comparison	10.1287/mksc.2018.1135	gordon2019
gordon2023closeenough	10.1287/mksc.2022.1413	gordon2023closeenough
greenberg2016opportunitycostneglect	10.1177/0956797615608267	greenberg2016opportunitycostneglect
grewal2025brandsafety	10.1177/00222437251349522	grewal2025brandsafety
guadagni2008logit25	10.1287/mksc.1070.0345	guadagni2008logit25
gundlach2007ama2004	10.1509/jppm.26.2.243	gundlach2007ama2004
gundlach2009amadefinition	10.1509/jppm.28.2.259	gundlach2009amadefinition
han2010signaling	10.1509/jmkg.74.4.015	han2010signaling
handel2015robustpricing	10.1287/mksc.2015.0914	handel2015robustpricing
he2022fakereviews	10.1287/mksc.2022.1353	he2022
heitmann2020visualdesign	10.1177/0022243720904004	heitmann2020visualdesign
hershfield2011futureself	10.1509/jmkr.48.spl.s23	hershfield2011futureself
hollenbeck2018chainaffiliation	10.1177/0022243718802844	hollenbeck2018chainaffiliation
hsu2017neuromarketing	10.1177/0008125617720208	hsu2017neuromarketing
hu2025dei	10.1080/15252019.2025.2467042	hu2025dei
hughes2019influencers	10.1177/0022242919854374	hughes2019
hunt1976nature	10.1177/002224297604000304	hunt1976nature
hunt1983general	10.1177/002224298304700402	hunt1983general
hunt1990truth	10.1177/002224299005400301	hunt1990truth
iyer1998channels	10.1287/mksc.17.4.338	iyer1998channels
iyer2005targeting	10.1287/mksc.1050.0117	iyer2005
iyer2012shopping	10.1287/mksc.1120.0734	iyer2012shopping
iyer2022persuasion	10.1287/mksc.2021.1333	iyer2022persuasion
jeziorski2014costefficiencies	10.1111/1756-2171.12072	jeziorski2014costefficiencies
jeziorski2014twosided	10.1257/mic.6.4.35	jeziorski2014twosided
jeziorski2019skimming	10.1287/mksc.2018.1134	jeziorski2019skimming
jeziorski2023merger	10.1287/mnsc.2022.4599	jeziorski2023merger
johnson2017ghostads	10.1509/jmr.15.0297	johnson2017ghostads
johnson2017lessismore	10.1287/mksc.2016.0998	johnson2017lessismore
johnson2020privacychoice	10.1287/mksc.2019.1198	johnson2020
jones2011modernschools	10.4135/9781446222454.n3	jones2011modernschools
joo2014tvsearch	10.1287/mnsc.2013.1741	joo2014
joo2016tvkeyword	10.1016/j.ijresmar.2014.12.005	joo2016tvkeyword
karmarkar2015costconscious	10.1509/jmr.13.0488	karmarkar2015costconscious
karmarkar2016neuroscience	10.1016/j.copsyc.2016.01.010	karmarkar2016neuroscience
katona2008networkformation	10.1287/mksc.1070.0349	katona2008
katona2011networkeffects	10.1509/jmkr.48.3.425	katona2011networkeffects
khamitov2019relationships	10.1093/jcr/ucz006	khamitov2019relationships
kim2023brandage	10.1177/00222437231178544	kim2023brandage
kotler1969broadening	10.1177/002224296903300103	kotler1969broadening
kramer2026adherence	10.1177/10946705251410017	kramer2026adherence
lamberton2013retail	10.1086/671103	lamberton2013retail
lambrecht2013retargeting	10.1509/jmr.11.0503	lambrecht2013retargeting
leboeuf2012consequencecause	10.1086/662372	leboeuf2012consequencecause
leone1995carryover	10.1287/mksc.14.3.g141	leone1995carryover
leung2022influencer	10.1177/00222429221102889	leung2022
lewis2014onlineoffline	10.1007/s11129-014-9146-6	lewis2014
lewis2015unfavorable	10.1093/qje/qjv023	Lewis_2015
li2014attribution	10.1509/jmr.13.0050	li2014
li2021conversation	10.1109/ijcnn52387.2021.9533935	li2021conversation
li2023politeness	10.1109/cai54212.2023.00106	li2023politeness
liadeli2023ownedsocial	10.1177/00222429221123250	liadeli2023ownedsocial
lilien1994models	10.1007/978-94-011-1402-8_1	lilien1994models
liu2008interruption	10.1086/592126	liu2008interruption
liu2008timeask	10.1086/588699	liu2008timeask
liu2020visuallistening	10.1287/mksc.2020.1226	liu2020
lodish1995tvadvertising	10.1177/002224379503200201	lodish1995tvadvertising
longoni2022wordofmachine	10.1177/0022242920957347	longoni2022wordofmachine
lu2017keyword	10.1287/mksc.2017.1053	lu2017keyword
luffarelli2019asymmetry	10.1177/0022243718820548	luffarelli2019asymmetry
luffarelli2019descriptiveness	10.1177/0022243719845000	luffarelli2019descriptiveness
lund2014revenue	10.1509/jm.13.0220	lund2014revenue
lynch2015replication	10.1016/j.ijresmar.2015.09.006	lynch2015replication
marinova2004actualizing	10.1509/jmkg.68.3.1.34768	marinova2004actualizing
marinova2008frontline	10.1509/jmkg.72.2.28	marinova2008frontline
marinova2014membership	10.1007/s11747-014-0374-9	marinova2014membership
marinova2016prescribe	10.1093/jcr/ucw057	marinova2016prescribe
marinova2017gettingsmart	10.1177/1094670516679273	marinova2017gettingsmart
marinova2018frontline	10.1509/jmr.15.0243	marinova2018frontline
mayzlin2006chat	10.1287/mksc.1050.0137	mayzlin2006chat
mayzlin2014promotional	10.1257/aer.104.8.2421	mayzlin2014promotional
mela1997longterm	10.1177/002224379703400205	mela1997longterm
melumad2023vocalizing	10.1093/jcr/ucad009	melumad2023vocalizing
melzner2023sound	10.1177/00222437221135188	melzner2023sound
misra2019banditpricing	10.1287/mksc.2018.1129	misra2019banditpricing
mogilner2009timevsmoney	10.1086/597161	mogilner2009timevsmoney
narasimhan1988promotion	10.1086/296442	narasimhan1988b
narasimhan2000marketentry	10.1287/mksc.19.4.313.11790	narasimhan2000marketentry
nickerson2021csr	10.1177/00222429211044155	nickerson2021csr
nijs2007retailprice	10.1287/mksc.1060.0205	nijs2007retailprice
nijs2014categorycaptain	10.1287/mksc.2013.0822	nijs2014categorycaptain
nunes2006endowed	10.1086/500480	nunes2006endowed
nunes2006endowedprogress	10.1086/500480	nunes2006endowed
odonnell2023bundle	10.1093/jcr/ucac017	odonnell2023bundle
pazgal2016asymmetricentry	10.1016/j.ijresmar.2015.08.002	pazgal2016asymmetricentry
pei2022affiliation	10.1287/mksc.2021.1322	pei2022affiliation
peng2018communication	10.1109/dsc.2018.00020	peng2018communication
peng2023extensions	10.1177/00222429231164654	peng2023extensions
proserpio2017reputation	10.1287/mksc.2017.1043	proserpio2017
puntoni2021ai	10.1177/0022242920953847	puntoni2021ai
puzakova2018rivals	10.1093/jcr/ucy035	puzakova2018rivals
rajavi2023goodbadtimes	10.1177/00222429221122698	rajavi2023goodbadtimes
ratchford2006editorial	10.1287/mksc.1060.0234	ratchford2006editorial
reich2025corporateness	10.1093/jcr/ucae069	reich2025corporateness
rick2008tightwads	10.1086/523285	rick2008tightwads
rossi1996purchasehistory	10.1287/mksc.15.4.321	rossi1996purchasehistory
rossi2003bayesian	10.1287/mksc.22.3.304.17739	rossi2003bayesian
rust2021reputation	10.1177/0022242921995173	rust2021
rutz2011generic	10.1509/jmkr.48.1.87	Rutz_2011
rutz2012banner	10.1007/s11129-011-9114-3	rutz2012banner
sahni2015temporal	10.1007/s11129-015-9159-9	sahni2015temporal
sahni2016spillovers	10.1509/jmr.14.0274	sahni2016
sawyer1983significance	10.1177/002224378302000203	sawyer1983significance
schwartz2021optingin	10.1016/j.obhdp.2019.01.003	schwartz2021optingin
schwarz1991ease	10.1037/0022-3514.61.2.195	schwarz1991ease
schwarz2004metacognitive	10.1207/s15327663jcp1404_2	schwarz2004metacognitive
seetharaman1999crosscategory	10.1177/002224379903600407	seetharaman1999crosscategory
seetharaman2004statedependence	10.1287/mksc.1030.0024	seetharaman2004statedependence
seiler2017conversionfunnel	10.1007/s11129-017-9184-y	seiler2017conversionfunnel
sethuraman2011advertising	10.1509/jmkr.48.3.457	sethuraman2011
shaw2001bartels	10.1177/0276146701212006	shaw2001bartels
shaw2005schools	10.1177/1470593105054898	shaw2005schools
shen2018behaviorbased	10.1287/mnsc.2016.2719	shen2018behaviorbased
sheth1988theory		sheth1988theory
shu2009meretouch	10.1086/598614	shu2009meretouch
shu2011psychownership	10.1016/j.jcps.2011.01.002	shu2011psychownership
simmons2011falsepositive	10.1177/0956797611417632	simmons2011falsepositive
simonov2018brandkeywords	10.1287/mksc.2017.1065	simonov2018
simonsohn2014pcurve	10.1037/a0033242	simonsohn2014pcurve
singh2013stemming	10.1365/s11621-013-0274-2	singh2013stemming
singh2018query	10.1007/s11747-017-0569-y	singh2018query
singh2020enegotiations	10.1177/0022242919899381	singh2020enegotiations
sood2012brandname	10.1509/jmr.07.0418	sood2012brandname
spiller2011opportunitycost	10.1086/660045	spiller2011opportunitycost
srinivasan2008demandprice	10.1509/jmkg.72.2.15	srinivasan2008demandprice
srinivasan2009innovation	10.1509/jmkg.73.1.024	srinivasan2009innovation
stabler2020csi	10.1177/0022242920911907	stabler2020csi
tan2021ar	10.1177/0022242921995449	tan2021ar
tang2020lessismore	10.1007/s11747-019-00646-w	tang2020lessismore
tellis1988advertising	10.1177/002224378802500202	tellis1988advertising
tellis2019virality	10.1177/0022242919841034	tellis2019
thomadsen2007positioning	10.1287/mksc.1070.0296	thomadsen2007positioning
tirunillai2017offlinetv	10.1287/mksc.2017.1040	tirunillai2017
tully2015material	10.1093/jcr/ucv007	tully2015material
tully2018debt	10.1093/jcr/ucx078	tully2017
vakratsas1999advertising	10.1177/002224299906300103	vakratsas1999advertising
vargo2004newlogic	10.1509/jmkg.68.1.1.24036	vargo2004newlogic
villasboas2004learning	10.1287/mksc.1030.0044	villasboas2004learning
villasboas2004pricecycles	10.2307/1593704	villasboas2004pricecycles
villasboas2009productvariety	10.1287/mnsc.1090.1024	villasboas2009productvariety
warren2019coolness	10.1177/0022242919857698	warren2019
wilbur2008dvr	10.2753/joa0091-3367370111	wilbur2008dvr
wilbur2008twosided	10.1287/mksc.1070.0303	wilbur2008twosided
wilbur2016avoidance	10.1080/08997764.2016.1170022	wilbur2016
wilkie1999contributions	10.1177/00222429990634s118	wilkie1999contributions
wilkie2003eras	10.1509/jppm.22.2.116.17639	wilkie2003eras
wilkie2006macromarketing	10.1177/0276146706291067	wilkie2006macromarketing
wood2024jcrmethods	10.1093/jcr/ucae017	wood2024jcrmethods
yang2003interdependent	10.1509/jmkr.40.3.282.19240	yang2003interdependent
yang2010organic	10.1287/mksc.1090.0552	yang2010
yang2019salesforcechoice	10.1287/mksc.2019.1175	yang2019salesforcechoice
yang2022platform	10.1287/mksc.2021.1325	yang2022platform
yao2011sponsoredsearch	10.1287/mksc.1100.0626	yao2011sponsoredsearch
ye2007strategic	10.1509/jmkg.71.4.156	ye2007strategic
ye2012bottomup	10.1007/s11747-011-0289-7	ye2012bottomup
zervas2021reputation	10.1007/s11002-020-09546-4	zervas2021reputation
zhang2021nickname	10.1177/0022242921996277	zhang2021nickname
zhu2015selective	10.1509/jmr.12.0379	zhu2015selective
zhu2017prominent	10.1287/mksc.2017.1037	zhu2017prominent
zinkhan2007altassessment	10.1509/jppm.26.2.284	zinkhan2007altassessment
